{
  "title": "GrepoFusion — Porównania",
  "version": "1.3.3",
  "items": [
    {
      "id": "buildings/senate",
      "label": "Budynki — Senat",
      "before": "assets/compare/buildings/senate/before.png",
      "after": "assets/compare/buildings/senate/after.png",
      "notes": "Plansza Senatu — nowa ciemna wersja"
    },
    {
      "id": "ships/fire_ship",
      "label": "Statki — Fire Ship",
      "before": "assets/compare/ships/fire_ship/before.png",
      "after": "assets/compare/ships/fire_ship/after.png",
      "notes": "Statek ogniowy w stylu Black Pearl"
    }
  ]
}