{
  "units": {
    "bireme": {
      "classic": "data:image/png;base64,iVBORw0KGgoAAAANSUhEUgAAAAoAAAAKCAYAAACNMs+9AAAAF0lEQVQoU2NkYGD4z0AEYBxVSFUAAG1mAgC1kA9w6l9mRwAAAABJRU5ErkJggg==",
      "pirate": "data:image/png;base64,iVBORw0KGgoAAAANSUhEUgAAAAoAAAAKCAYAAACNMs+9AAAAIklEQVQoU2P8////fwYiAHEgCkYg0QAxEIxGQwYGBgYGsQEAACr2B5r1lGQbAAAAAElFTkSuQmCC"
    },
    "trireme": {
      "classic": "data:image/png;base64,iVBORw0KGgoAAAANSUhEUgAAAAoAAAAKCAYAAACNMs+9AAAAHUlEQVQoU2P8////fwYsgImBQQYGBkaDgYEBQwAAdtQG3Jgk3nEAAAAASUVORK5CYII=",
      "pirate": "data:image/png;base64,iVBORw0KGgoAAAANSUhEUgAAAAoAAAAKCAYAAACNMs+9AAAAG0lEQVQoU2P8////fwYqgAmGQYGBgQFDAQAA1KUGbvfO2WQAAAAASUVORK5CYII="
    }
  },
  "buildings": {
    "senate": "data:image/png;base64,iVBORw0KGgoAAAANSUhEUgAAAAoAAAAKCAYAAACNMs+9AAAAI0lEQVQoU2P8////fwYiQGZgYGBg2D8xMTH4////GQYGAQAA1Y8G0m8o0F8AAAAASUVORK5CYII=",
    "academy": "data:image/png;base64,iVBORw0KGgoAAAANSUhEUgAAAAoAAAAKCAYAAACNMs+9AAAAIklEQVQoU2P8////fwYiQGZgYGBgGJgZGBgYGMQCAAArfgbp3d8C1gAAAABJRU5ErkJggg=="
  },
  "ui": {
    "settings": "data:image/png;base64,iVBORw0KGgoAAAANSUhEUgAAAAoAAAAKCAYAAACNMs+9AAAAH0lEQVQoU2P8////fwYigImBQQYGBgZGQAEYBAAAwNUGB1j6p3oAAAAASUVORK5CYII="
  }
}